"airport";"latitude";"longitude"
"06A";"null";
"08A";"null";
"1G4";"null";
"6B0";"null";
"8F3";"null";
"A02";"null";
"A03";"null";
"A06";"null";
"A07";"null";
"A12";"null";
"A13";"null";
"A23";"null";
"A26";"null";
"A27";"null";
"A28";"null";
"A29";"null";
"A37";"null";
"A40";"null";
"A51";"null";
"A52";"null";
"A57";"null";
"A71";"null";
"A72";"null";
"A74";"null";
"A83";"null";
"A97";"null";
"A98";"null";
"AA8";"null";
"ABE";40.652083;-75.440806
"ABI";32.411319;-99.681897
"ABL";67.106389;-157.8575
"ABQ";35.0402222;-106.6091944
"ABR";45.4491;-98.4218
"ABV";9.006792;7.263172
"ABY";31.5355;-84.1945
"ACA";16.757061;-99.753953
"ACB";"null";
"ACC";5.605186;-0.166786
"ACK";41.253053;-70.060181
"ACT";31.611289;-97.230519
"ACV";40.978111;-124.108611
"ACY";39.457583;-74.577167
"ADA";36.982166;35.280388
"ADD";8.977889;38.799319
"ADJ";31.972703;35.991569
"ADK";51.878;-176.646
"ADQ";57.749967;-152.493856
"ADS";32.9685594;-96.8364478
"ADW";38.810806;-76.867028
"AET";66.5519;-152.6222
"AEX";31.3274;-92.549833
"AEY";65.659994;-18.072703
"AF1";"null";
"AFK";"null";
"AFW";"null";
"AGC";40.3544;-79.9302
"AGN";57.503611;-134.585
"AGP";36.6749;-4.499106
"AGS";33.369944;-81.9645
"AGT";-25.4555;-54.843592
"AGU";21.705558;-102.317858
"AHN";33.9486;-83.3263
"AIA";42.053333;-102.803889
"AIN";70.638056;-159.994722
"AJU";-10.984;-37.070333
"AKB";52.220278;-174.206389
"AKI";60.902778;-161.230556
"AKK";56.938611;-154.1825
"AKL";-37.008056;174.791667
"AKN";58.676778;-156.649278
"AKP";68.1336;-151.743
"AKR";7.246739;5.301008
"AL4";"null";
"AL5";"null";
"ALA";43.352072;77.040508
"ALB";42.748267;-73.801692
"ALM";32.8399;-105.991
"ALN";"null";
"ALO";42.5571;-92.4003
"ALS";37.435;-105.866667
"ALW";46.0949;-118.288
"ALZ";56.899444;-154.247778
"AMA";35.219369;-101.705931
"AMD";23.077242;72.63465
"AMK";"null";
"AMM";31.722556;35.993214
"AMS";52.308613;4.763889
"ANB";33.588167;-85.858111
"ANC";61.174361;-149.996361
"AND";34.494583;-82.709389
"ANF";-23.444478;-70.4451
"ANI";61.5816;-159.543
"ANP";"null";
"ANU";17.136749;-61.792667
"ANV";62.6467;-160.191
"AOH";"null";
"AOO";40.296372;-78.320022
"AOS";57.471389;-153.815278
"APA";39.570129;-104.849294
"APC";38.2131944;-122.2806944
"APF";26.152619;-81.775294
"APG";39.466219;-76.168808
"APN";45.0781;-83.5603
"APW";-13.829969;-172.008336
"ARA";30.037758;-91.883896
"ARC";68.1147;-145.579
"ARI";-18.348531;-70.338742
"ARN";59.651944;17.918611
"ART";43.991922;-76.021739
"ASD";24.698283;-77.795611
"ASE";39.2232;-106.869
"ASN";"null";
"AST";46.157972;-123.878694
"ASU";-25.23985;-57.519133
"ATH";37.936358;23.944467
"ATK";70.4673;-157.436
"ATL";33.636719;-84.428067
"ATT";30.31666;-97.7666
"ATU";"null";
"ATW";44.257526;-88.507576
"ATY";44.914;-97.1547
"AUA";12.501389;-70.015221
"AUG";44.320647;-69.797317
"AUH";24.432972;54.651138
"AUK";62.68;-164.66
"AUS";30.194528;-97.669889
"AUW";44.9262845;-89.6270018
"AUZ";"null";
"AVB";46.031889;12.596472
"AVL";35.436194;-82.541806
"AVP";41.338478;-75.723403
"AXA";18.204834;-63.055084
"AXM";4.452775;-75.766447
"AXN";"null";
"AZ3";"null";
"AZ4";"null";
"AZA";33.307833;-111.655
"AZO";42.234875;-85.552058
"AZS";19.267;-69.742
"BAD";32.50182;-93.662674
"BAF";"null";
"BAH";26.270834;50.63361
"BAK";40.4675;50.046667
"BAQ";10.889589;-74.780819
"BAZ";-0.975;-62.923889
"BBR";16.0133;-61.7422
"BBX";"null";
"BCE";37.706444;-112.145806
"BCN";41.297078;2.078464
"BCT";26.3785;-80.107694
"BDA";32.364042;-64.678703
"BDL";41.938889;-72.683222
"BDR";41.163472;-73.126167
"BDY";"null";
"BED";42.469953;-71.289031
"BEG";44.818444;20.309139
"BEH";42.1285833;-86.4285
"BES";48.447911;-4.418539
"BET";60.779778;-161.838
"BFB";"null";
"BFD";41.8031;-78.6401
"BFF";41.874;-103.596
"BFI";47.53;-122.301947
"BFK";"null";
"BFL";35.433598;-119.05677
"BFM";30.626783;-88.068092
"BFS";54.6575;-6.215833
"BGI";13.074603;-59.492456
"BGM";42.208689;-75.979839
"BGR";44.807444;-68.828139
"BGX";-31.390528;-54.112244
"BHB";44.4497689;-68.3615653
"BHD";54.618056;-5.8725
"BHM";33.562942;-86.75355
"BHX";52.453856;-1.748028
"BIC";"null";
"BID";"null";
"BIF";31.849528;-106.380039
"BIG";63.994547;-145.721642
"BIH";"null";
"BIL";45.80921;-108.537654
"BIM";25.699881;-79.264656
"BIO";43.301097;-2.910608
"BIS";46.775842;-100.757931
"BIX";30.410425;-88.924433
"BJC";39.90888888;-105.11722222
"BJI";47.510722;-94.934722
"BJV";37.82;28.204
"BJX";20.993464;-101.480847
"BKC";65.981667;-161.149167
"BKE";"null";
"BKG";36.531994;-93.200556
"BKK";13.681108;100.747283
"BKL";"null";
"BKW";37.7873;-81.1242
"BLA";10.107139;-64.689161
"BLD";35.5651;-114.514
"BLI";48.792694;-122.537528
"BLL";55.740322;9.151778
"BLM";"null";
"BLQ";44.535444;11.288667
"BLV";38.545178;-89.835183
"BMA";59.354372;17.94165
"BMG";39.1460208;-86.6166805
"BMI";40.477111;-88.915917
"BMX";"null";
"BNA";36.124472;-86.678194
"BNE";-27.384167;153.1175
"BOD";44.828335;-0.715556
"BOG";4.701594;-74.146947
"BOH";50.78;-1.8425
"BOI";43.564361;-116.222861
"BOJ";42.569583;27.515236
"BOK";"null";
"BOM";19.088686;72.867919
"BON";12.131044;-68.268511
"BOS";42.364347;-71.005181
"BPT";29.950833;-94.020694
"BQH";51.330833;0.0325
"BQK";31.2588;-81.4665
"BQN";18.494861;-67.129444
"BRD";46.398308;-94.138078
"BRE";53.0475;8.786667
"BRG";"null";
"BRL";40.7832;-91.1255
"BRM";10.042747;-69.358619
"BRN";46.9141;7.497153
"BRO";25.906833;-97.425861
"BRS";51.382669;-2.719089
"BRU";50.901389;4.484444
"BRW";71.285446;-156.766003
"BSB";-15.8711;-47.918625
"BSL";47.59;7.529167
"BSZ";"null";
"BTI";70.133989;-143.581867
"BTL";"null";
"BTM";45.954806;-112.497472
"BTR";30.533167;-91.149639
"BTS";48.170167;17.212667
"BTT";66.913944;-151.529056
"BTV";44.471861;-73.153278
"BUD";47.436933;19.255592
"BUF";42.940525;-78.732167
"BUR";34.200667;-118.358667
"BVO";"null";
"BVU";"null";
"BVY";"null";
"BWD";31.7936111;-98.9565
"BWG";36.9645278;-86.4196667
"BWI";39.175361;-76.668333
"BWS";"null";
"BYH";35.964347;-89.943956
"BYW";"null";
"BZE";17.539144;-88.308203
"BZN";45.777643;-111.160151
"BZZ";51.749964;-1.583617
"C01";"null";
"CA2";"null";
"CAD";"null";
"CAE";33.938833;-81.119528
"CAI";30.121944;31.405556
"CAK";40.9160833;-81.4421944
"CAN";23.392436;113.298786
"CAY";4.819808;-52.360447
"CBR";-35.306944;149.195
"CCS";10.603117;-66.990583
"CDB";55.206061;-162.725436
"CDC";37.700967;-113.098847
"CDG";49.012779;2.55
"CDL";"null";
"CDR";42.8375;-103.095556
"CDV";60.491778;-145.477556
"CEB";10.307542;123.979439
"CEC";41.7802;-124.237
"CEF";42.194014;-72.534783
"CEM";65.573889;-144.780833
"CEQ";43.54205;6.953478
"CEV";"null";
"CEW";30.778833;-86.522111
"CEX";"null";
"CEZ";37.303;-108.628056
"CFA";"null";
"CFB";-22.921667;-42.074167
"CFG";22.15;-80.414167
"CFT";"null";
"CGA";55.478889;-133.147778
"CGF";41.565124;-81.4863555
"CGI";37.2253;-89.5708
"CGK";-6.125567;106.655897
"CGN";50.865917;7.142744
"CGS";"null";
"CHA";35.035278;-85.203808
"CHD";"null";
"CHI";"null";
"CHO";38.138639;-78.452861
"CHP";"null";
"CHR";46.862194;1.730667
"CHS";32.898647;-80.040528
"CHU";61.579167;-159.215556
"CHZ";"null";
"CIC";39.795383;-121.858422
"CID";41.884694;-91.710806
"CIG";"null";
"CIK";66.645;-143.74
"CIU";46.2508;-84.4724
"CIW";12.699042;-61.342431
"CJS";31.636133;-106.428667
"CJU";33.511306;126.493028
"CKB";39.2966;-80.2281
"CKD";61.867778;-158.135
"CKX";"null";
"CLD";33.0742;-117.1648
"CLE";41.411689;-81.849794
"CLF";"null";
"CLG";"null";
"CLL";30.588583;-96.363833
"CLM";48.1202;-123.5
"CLO";3.543222;-76.381583
"CLP";"null";
"CLT";35.214;-80.943139
"CLU";"null";
"CMA";-28.03;145.622
"CME";18.653739;-91.799017
"CMH";39.997972;-82.891889
"CMI";40.03925;-88.278056
"CMN";33.367467;-7.589967
"CMW";21.420428;-77.847433
"CMX";47.1684;-88.4891
"CNF";-19.63375;-43.968856
"CNM";32.337472;-104.263278
"CNO";"null";
"CNS";-16.885833;145.755278
"CNY";38.755;-109.754722
"COD";44.520194;-109.023806
"COE";"null";
"CON";43.20267;-71.50233
"COR";-31.323619;-64.207953
"COS";38.805805;-104.700778
"COU";38.818094;-92.219631
"CPH";55.617917;12.655972
"CPR";42.908;-106.464417
"CPS";38.5707244;-90.1562211
"CPT";-33.964806;18.601667
"CPX";18.3127;-65.3034
"CRG";"null";
"CRK";15.185833;120.560278
"CRP";27.770361;-97.501222
"CRW";38.373147;-81.593189
"CSG";32.5163333;-84.9388611
"CSL";"null";
"CSM";"null";
"CT1";"null";
"CTG";10.442381;-75.512961
"CTS";42.7752;141.692283
"CTU";30.578528;103.947086
"CUL";24.764547;-107.474717
"CUN";21.036528;-86.877083
"CUR";12.188853;-68.959803
"CUU";28.702875;-105.964567
"CVG";39.048836;-84.667822
"CVM";23.703336;-98.956486
"CVN";34.425139;-103.079278
"CVO";"null";
"CVS";34.382775;-103.322147
"CWA";44.772726;-89.646635
"CWB";-25.528475;-49.175775
"CWF";"null";
"CWL";51.396667;-3.343333
"CXF";67.251389;-150.176111
"CXH";49.289722;-123.115833
"CXI";1.986161;-157.349778
"CXY";"null";
"CYB";19.686981;-79.882789
"CYF";60.149167;-164.285556
"CYM";57.515;-134.946111
"CYS";41.155722;-104.811839
"CZF";61.780297;-166.038747
"CZM";20.522403;-86.925644
"CZN";62.071111;-142.048333
"DAB";29.179917;-81.058056
"DAD";16.043917;108.19937
"DAG";"null";
"DAL";32.847111;-96.851778
"DAY";39.902375;-84.219375
"DBQ";42.402;-90.709472
"DCA";38.852083;-77.037722
"DCF";15.336719;-61.392211
"DCK";"null";
"DCU";"null";
"DDC";37.7634;-99.9656
"DEC";39.834564;-88.865689
"DEL";28.5665;77.103088
"DEN";39.861656;-104.673178
"DET";42.409195;-83.009861
"DFW";32.896828;-97.037997
"DGB";"null";
"DGO";24.124194;-104.528014
"DHF";"null";
"DHN";31.321339;-85.449628
"DIK";46.7975;-102.801944
"DIO";"null";
"DKR";14.739708;-17.490225
"DLA";4.006081;9.719481
"DLC";38.965667;121.5386
"DLG";59.044667;-158.5055
"DLH";46.842091;-92.193649
"DLM";36.713056;28.7925
"DMA";32.166467;-110.883144
"DME";55.408611;37.906111
"DMK";13.912583;100.60675
"DNA";26.355612;127.767633
"DNN";"null";
"DNV";"null";
"DOF";"null";
"DOH";25.261125;51.565056
"DOM";15.547028;-61.3
"DOV";39.129539;-75.465958
"DPA";41.907778;-88.248611
"DPG";"null";
"DQH";"null";
"DQK";"null";
"DQL";"null";
"DQP";"null";
"DQR";"null";
"DQS";"null";
"DRF";"null";
"DRG";"null";
"DRO";37.151516;-107.75377
"DRT";29.374208;-100.927158
"DRW";-12.4083333;130.87266
"DSA";"null";
"DSM";41.533972;-93.663083
"DTH";"null";
"DTT";"null";
"DTW";42.212444;-83.353389
"DUB";53.421333;-6.270075
"DUJ";41.1783;-78.8987
"DUS";51.289453;6.766775
"DUT";53.900139;-166.5435
"DVL";48.114444;-98.908611
"DWA";38.5793889;-121.8569444
"DWH";30.063746;-95.554276
"DXB";25.252778;55.364444
"DYR";64.73495;177.741483
"DZN";47.708333;67.733333
"EAA";64.778056;-141.149722
"EAR";40.727;-99.0068
"EAT";47.398;-120.206
"EAU";44.8658;-91.4843
"EBB";0.042386;32.443503
"ECP";30.3417;-85.7973
"ECU";"null";
"EDA";"null";
"EDF";61.250986;-149.806503
"EDI";55.95;-3.3725
"EDW";34.905417;-117.883739
"EEK";60.213611;-162.043889
"EEN";"null";
"EFD";29.607333;-95.15875
"EGC";44.825279;0.518611
"EGE";39.642556;-106.917694
"EGV";45.932333;-89.268283
"EGX";58.185556;-157.375556
"EHM";58.646428;-162.062778
"EIL";64.665667;-147.1015
"EIN";51.450139;5.374528
"EIS";18.444834;-64.542975
"EKA";"null";
"EKI";"null";
"EKO";40.8249;-115.792
"EKY";"null";
"ELD";33.220972;-92.813278
"ELH";25.474861;-76.683489
"ELI";64.615;-162.270556
"ELM";42.159889;-76.891611
"ELN";"null";
"ELP";31.80725;-106.377583
"ELV";58.195278;-136.3475
"ELY";39.299722;-114.841944
"EMA";52.831111;-1.328056
"EMK";62.786111;-164.490833
"ENA";60.573111;-151.245
"ENN";"null";
"ENV";40.718694;-114.030889
"ENW";42.5956944;-87.9278056
"EPA";"null";
"EPH";"null";
"ERI";42.082022;-80.176217
"ESB";40.128082;32.995083
"ESC";45.722778;-87.093611
"ESD";48.708056;-122.910556
"ESN";38.8041667;-76.069
"EUG";44.124583;-123.211972
"EVE";68.4913;16.678108
"EVV";38.036997;-87.532364
"EVX";"null";
"EWB";41.6761;-70.9569
"EWN";35.072972;-77.042944
"EWR";40.6925;-74.168667
"EXI";58.420556;-135.449167
"EYW";24.556111;-81.759556
"EZE";-34.822222;-58.535833
"FAB";51.275833;-0.776333
"FAI";64.815114;-147.856267
"FAO";37.014425;-7.965911
"FAR";46.92065;-96.8157639
"FAT";36.776194;-119.71814
"FAY";34.9912;-78.8803
"FBK";64.8375;-147.614444
"FCA";48.310472;-114.256
"FCM";"null";
"FCO";41.804475;12.250797
"FDF";14.591033;-61.003175
"FDY";41.0120278;-83.6686111
"FFM";"null";
"FFO";39.826111;-84.048332
"FFT";"null";
"FGI";-13.84861111;-171.74083333
"FHB";"null";
"FHU";31.588472;-110.344389
"FIC";"null";
"FID";"null";
"FKB";48.7793;8.08048
"FKL";41.377874;-79.860362
"FLG";35.140318;-111.6692392
"FLL";26.072583;-80.15275
"FLO";34.185361;-79.723889
"FLR";43.809953;11.2051
"FLT";"null";
"FMN";36.74125;-108.229944
"FMY";26.586611;-81.86325
"FNL";40.451828;-105.011336
"FNR";58.254444;-134.897778
"FNT";42.965424;-83.743629
"FOD";42.5512;-94.191842
"FOE";38.950944;-95.663611
"FOK";40.843656;-72.631789
"FOR";-3.776283;-38.532556
"FPO";26.558686;-78.695553
"FPR";"null";
"FQQ";"null";
"FQW";"null";
"FRA";50.026421;8.543125
"FRD";48.521944;-123.024444
"FRG";"null";
"FRS";16.913819;-89.866383
"FRU";43.061306;74.477556
"FSD";43.582014;-96.741914
"FSM";35.336583;-94.367444
"FTW";32.819778;-97.362444
"FTY";33.7791;-84.5214
"FUK";33.585942;130.450686
"FVG";"null";
"FVO";"null";
"FVQ";"null";
"FVX";"null";
"FVZ";"null";
"FWA";40.978472;-85.195139
"FWH";"null";
"FWL";"null";
"FXE";26.197281;-80.170706
"FYU";66.571492;-145.250417
"FYV";36.005094;-94.170059
"GAI";"null";
"GAL";64.736178;-156.937417
"GAM";63.7668;-171.733
"GAO";20.085419;-75.158328
"GB1";"null";
"GBD";"null";
"GBH";"null";
"GBR";"null";
"GCC";44.3489167;-105.5393611
"GCK";37.927528;-100.724417
"GCM";19.292778;-81.35775
"GCN";35.9523611;-112.1469722
"GDC";"null";
"GDL";20.5218;-103.311167
"GDN";54.377569;18.466222
"GDV";47.138611;-104.807222
"GDX";59.910989;150.720439
"GED";38.689194;-75.358889
"GEG";47.619861;-117.533833
"GEK";"null";
"GEO";6.498553;-58.254119
"GFK";47.949256;-97.176111
"GFL";"null";
"GGG";32.384014;-94.711486
"GGT";23.562631;-75.877958
"GGW";48.2125;-106.615
"GHB";25.284706;-76.331011
"GIG";-22.808903;-43.243647
"GJT";39.122413;-108.526735
"GKN";62.154888;-145.456639
"GLA";55.871944;-4.433056
"GLH";33.4829;-90.9856
"GLR";"null";
"GLV";64.550556;-163.007222
"GMP";37.558311;126.790586
"GMT";"null";
"GND";12.004247;-61.786192
"GNU";"null";
"GNV";29.690056;-82.271778
"GOA";44.413333;8.8375
"GON";41.330056;-72.045139
"GOT";57.662836;12.279819
"GPT";30.407278;-89.070111
"GRB";44.485072;-88.129589
"GRI";40.9675;-98.3096
"GRK";31.06725;-97.828917
"GRR";42.880833;-85.522806
"GRS";42.759747;11.071897
"GRU";-23.432075;-46.469511
"GRZ";46.991067;15.439628
"GSB";35.339383;-77.960589
"GSO";36.09775;-79.937306
"GSP";34.895556;-82.218889
"GST";58.4253;-135.707
"GTB";44.055619;-75.719458
"GTF";47.482;-111.370689
"GTR";33.450333;-88.591361
"GTU";"null";
"GUA";14.583272;-90.527475
"GUC";38.533889;-106.933056
"GUF";"null";
"GUM";13.48345;144.795983
"GUP";35.511058;-108.789308
"GUS";40.648094;-86.152119
"GVA";46.238064;6.10895
"GYE";-2.157419;-79.883558
"GYM";27.968983;-110.925169
"GYR";"null";
"GYY";41.6163;-87.4128
"HAE";38.00543;125.77863
"HAJ";52.461056;9.685078
"HAM";53.630389;9.988228
"HAO";"null";
"HAR";"null";
"HAV";22.989153;-82.409086
"HBH";"null";
"HBV";"null";
"HCB";"null";
"HCR";62.1883;-159.775
"HDN";40.481181;-107.21766
"HEL";60.317222;24.963333
"HES";"null";
"HFD";41.736722;-72.649444
"HGH";30.229503;120.434453
"HGR";39.7079;-77.7295
"HGZ";"null";
"HHH";32.216;-80.752
"HHN";49.948672;7.263892
"HIB";47.3866;-92.838994
"HIF";41.123939;-111.973039
"HII";34.5711111;-114.3582778
"HIJ";34.436111;132.919444
"HIK";"null";
"HIO";"null";
"HKB";63.8675;-148.968889
"HKD";41.77;140.821944
"HKG";22.308919;113.914603
"HKS";"null";
"HKY";35.741147;-81.38955
"HLM";"null";
"HLN";46.606806;-111.98275
"HMN";32.852519;-106.106525
"HMO";29.095858;-111.047858
"HND";35.552258;139.779694
"HNH";58.096111;-135.409722
"HNL";21.318681;-157.922428
"HNM";20.795636;-156.014439
"HNS";59.2438;-135.524
"HOB";32.687528;-103.217028
"HOG";20.785589;-76.315108
"HOM";59.645556;-151.476583
"HON";44.3852;-98.228542
"HOP";36.668567;-87.496183
"HOT";34.478;-93.0962
"HOU";29.645419;-95.278889
"HPB";61.5239;-166.147
"HPN";41.066959;-73.707575
"HRL";26.2285;-97.654389
"HRO";36.261519;-93.154728
"HSH";35.972778;-115.134444
"HSL";65.697778;-156.351389
"HST";25.48855;-80.383567
"HSV";34.6371944;-86.7750556
"HTO";"null";
"HTS";38.3667;-82.558
"HUF";39.451464;-87.307561
"HUM";"null";
"HUS";66.039167;-154.264722
"HUX";15.775317;-96.262572
"HUY";53.574444;-0.350833
"HVC";"null";
"HVN";41.26375;-72.886806
"HVR";48.542983;-109.762342
"HYA";41.669336;-70.280356
"HYG";55.206389;-132.828333
"HYL";55.481667;-132.646111
"HYS";38.8422;-99.2732
"IA1";"null";
"IAB";37.621853;-97.268192
"IAD";38.944533;-77.455811
"IAG";43.107333;-78.946194
"IAH";29.984433;-95.341442
"IAN";66.975833;-160.436667
"IBR";36.181083;140.415444
"ICN";37.469075;126.450517
"ICT";37.649944;-97.433056
"ID1";"null";
"IDA";43.514556;-112.07075
"IFP";35.1574;-114.56
"IGG";59.324;-155.902
"IGM";35.2595;-113.938
"IGS";48.7777;11.422
"II2";"null";
"IKO";52.941667;-168.848889
"ILG";39.678722;-75.606528
"ILI";59.754356;-154.910961
"ILM";34.270615;-77.902569
"ILN";39.42792;-83.792118
"IMT";45.8183611;-88.1145556
"INC";38.481944;106.009167
"IND";39.717331;-86.294383
"INL";48.566186;-93.403067
"INN";47.260219;11.343964
"INS";36.587183;-115.673353
"INT";36.133722;-80.222
"INV";57.5425;-4.0475
"IOW";"null";
"IPL";32.834219;-115.578744
"IPT";41.241836;-76.921094
"IQQ";-20.535222;-70.181275
"IQT";-3.784739;-73.308806
"IRC";65.827778;-144.076111
"IRK";40.0935;-92.5449
"IRS";"null";
"ISN";48.177939;-103.642347
"ISO";35.331389;-77.608889
"ISP";40.79525;-73.100222
"IST";40.976922;28.814606
"IT1";"null";
"ITH";42.491028;-76.458444
"ITO";19.721375;-155.048469
"IUD";25.1174;51.3228
"IWD";46.5274747;-90.1313967
"IWO";24.784;141.322722
"IYK";35.658889;-117.829444
"JAC";43.607333333;-110.73775
"JAN";32.311167;-90.075889
"JAX";30.494056;-81.687861
"JBR";35.831708;-90.646417
"JDA";"null";
"JED";21.679564;39.156536
"JEF";38.5912;-92.1561
"JER";49.207947;-2.195508
"JFK";40.639751;-73.778925
"JGC";35.96666666;-112.13333333
"JHM";20.962936;-156.673031
"JHW";42.153333;-79.258056
"JLN";37.151814;-94.498269
"JMK";37.435128;25.348103
"JMS";46.9297;-98.6782
"JNB";-26.139166;28.246
"JNU";58.354972;-134.576278
"JO2";"null";
"JQF";"null";
"JRV";"null";
"JST";40.316111;-78.833889
"JZE";"null";
"JZI";"null";
"JZL";"null";
"JZM";"null";
"JZT";"null";
"KAE";56.973056;-133.945556
"KAL";64.3191;-158.741
"KBC";66.256708;-145.815319
"KBE";"null";
"KBP";50.345;30.894722
"KCC";56.014722;-132.833889
"KCG";"null";
"KCL";56.311111;-158.534167
"KCN";"null";
"KCQ";56.255;-158.775278
"KCR";"null";
"KDH";31.505756;65.847822
"KEB";"null";
"KEF";63.985;-22.605556
"KEH";47.7548;-122.259
"KEK";59.356944;-157.471111
"KFP";54.8475;-163.410278
"KGK";59.726667;-157.259444
"KGX";62.894444;-160.065
"KHH";22.577094;120.350006
"KHI";24.906547;67.160797
"KHV";48.528044;135.188361
"KIJ";37.5711;139.0646
"KIN";17.935667;-76.7875
"KIX";34.4347222;135.244167
"KKA";64.939444;-161.154167
"KKB";58.190833;-152.370556
"KKH";59.960833;-162.881111
"KKI";"null";
"KKJ";33.845942;131.034689
"KLG";61.5363;-160.341
"KLL";59.128056;-156.858611
"KLN";57.535;-153.976667
"KLW";55.579167;-133.076111
"KMJ";32.837319;130.85505
"KMO";58.990278;-159.05
"KMQ";36.394611;136.406544
"KMY";57.025556;-154.145833
"KNK";"null";
"KNW";59.4499;-157.328
"KOA";19.738767;-156.045631
"KOJ";31.803397;130.719408
"KOT";63.030556;-163.532778
"KOY";57.161389;-154.229722
"KOZ";57.922876;-152.500511
"KPB";56.351944;-133.6225
"KPC";65.2537;-166.859
"KPM";"null";
"KPN";59.933056;-164.030556
"KPR";58.49;-152.582222
"KPV";55.906667;-159.160833
"KPY";57.93;-153.040556
"KQA";54.1325;-165.785
"KRK";50.077731;19.784836
"KSA";5.356975;162.958386
"KSC";48.663055;21.241112
"KSM";62.0605;-163.302
"KTB";55.688056;-132.536667
"KTN";55.355556;-131.71375
"KTP";17.988558;-76.823761
"KTS";65.331389;-166.465833
"KTW";50.474253;19.080019
"KUK";60.873333;-162.524444
"KUL";2.745578;101.709917
"KUV";35.903756;126.615906
"KVC";55.1163;-162.266
"KVL";67.7362;-164.563
"KWA";8.720122;167.731661
"KWF";"null";
"KWI";29.226567;47.968928
"KWK";59.876389;-163.168611
"KWN";59.755;-161.845278
"KWP";57.77;-153.548889
"KWT";60.790278;-161.443611
"KXA";"null";
"KYK";57.566944;-154.450278
"KYU";64.875833;-157.730556
"KZB";57.55;-153.75
"KZN";55.606186;49.278728
"L41";"null";
"LAD";-8.858375;13.231178
"LAF";40.4123056;-86.9368889
"LAL";27.9889167;-82.0185556
"LAN";42.7787;-84.587357
"LAP";24.072694;-110.362475
"LAR";41.3121;-105.675
"LAS";36.080056;-115.15225
"LAW";34.5677144;-98.4166367
"LAX";33.942536;-118.408075
"LBA";53.865897;-1.660569
"LBB";33.663639;-101.822778
"LBE";40.2759;-79.4048
"LBF";41.1262;-100.684
"LBG";48.969444;2.441389
"LBL";37.044222;-100.95986
"LBV";0.4586;9.412283
"LCA";34.875117;33.62485
"LCE";15.742481;-86.853036
"LCG";43.302061;-8.377256
"LCH";30.126112;-93.223335
"LCI";"null";
"LCK";39.813786;-82.927822
"LCY";51.505278;0.055278
"LDE";43.178675;-0.006439
"LDY";55.042778;-7.161111
"LEB";43.6261;-72.3042
"LED";59.800292;30.262503
"LEJ";51.432447;12.241633
"LEW";"null";
"LEX";38.0365;-84.605889
"LFI";37.082881;-76.360547
"LFT";30.205278;-91.987611
"LGA";40.777245;-73.872608
"LGB";33.817722;-118.151611
"LGC";"null";
"LGD";"null";
"LGG";50.637417;5.443222
"LGU";41.791;-111.852
"LGW";51.148056;-0.190278
"LHE";31.521564;74.403594
"LHR";51.4775;-0.461389
"LIH";21.975983;-159.338958
"LIJ";"null";
"LIL";50.561942;3.089444
"LIM";-12.021889;-77.114319
"LIN";45.445103;9.276739
"LIR";10.593289;-85.544408
"LIS";38.781311;-9.135919
"LIT";34.729444;-92.224306
"LIV";65.531111;-148.541111
"LJN";"null";
"LKE";47.629;-122.339
"LKK";"null";
"LMA";"null";
"LMM";25.685194;-109.080806
"LMT";42.1561;-121.733
"LNK";40.850971;-96.75925
"LNS";40.1217;-76.2961
"LNY";20.785611;-156.951419
"LOM";"null";
"LOS";6.577369;3.321156
"LOZ";"null";
"LPA";27.931886;-15.386586
"LPB";-16.513339;-68.192256
"LPC";"null";
"LPS";48.4839;-122.938
"LRD";27.54375;-99.461556
"LRM";18.450711;-68.911833
"LRO";"null";
"LRU";32.289417;-106.921972
"LSE";43.878986;-91.256711
"LSF";32.337322;-84.991283
"LSP";11.780775;-70.151497
"LSV";36.236197;-115.034253
"LTN";51.874722;-0.368333
"LTO";25.989194;-111.348361
"LUF";33.535;-112.38306
"LUK";39.103333;-84.418611
"LUP";21.211;-156.974
"LUR";68.875133;-166.110022
"LUX";49.626575;6.211517
"LVD";"null";
"LVM";45.6993889;-110.4483056
"LWB";37.858333;-80.399444
"LWF";"null";
"LWM";"null";
"LWS";46.3745;-117.015389
"LWT";47.0493;-109.467
"LWV";"null";
"LYH";37.3267;-79.2004
"LYS";45.726387;5.090833
"LZU";33.9780761;-83.9623772
"MAD";40.493556;-3.566764
"MAF";31.942528;-102.201914
"MAJ";7.064758;171.272022
"MAN";53.353744;-2.27495
"MAO";-3.038611;-60.049721
"MAR";10.558208;-71.727856
"MAZ";18.255694;-67.148472
"MBJ";18.503717;-77.913358
"MBL";44.2725;-86.246944
"MBS";43.532913;-84.079647
"MCC";38.667639;-121.400611
"MCD";45.8649344;-84.637344
"MCE";37.284722;-120.513889
"MCF";27.849339;-82.521214
"MCG";62.9529;-155.606
"MCI";39.297606;-94.713905
"MCK";40.206389;-100.592222
"MCL";63.732757;-148.91129
"MCN";32.69285;-83.649211
"MCO";28.429394;-81.308994
"MCW";43.2247;-93.4067
"MDE";6.164536;-75.423119
"MDF";"null";
"MDH";"null";
"MDO";-34.917;-54.917
"MDT";40.193494;-76.763403
"MDW";41.785972;-87.752417
"MDY";28.201725;-177.380636
"MDZ";-32.831717;-68.792856
"MEC";-0.946078;-80.678808
"MEI";32.332624;-88.751868
"MEL";-37.673333;144.843333
"MEM";35.042417;-89.976667
"MEO";"null";
"MER";37.380481;-120.568189
"MEX";19.436303;-99.072097
"MFE";26.175833;-98.238611
"MFH";"null";
"MFR";42.374228;-122.8735
"MGA";12.141494;-86.168178
"MGE";33.915382;-84.516319
"MGF";-23.476392;-52.016406
"MGM";32.3006389;-86.3939722
"MGN";9.284739;-74.846092
"MGW";39.642908;-79.916314
"MHH";26.511406;-77.083472
"MHK";39.140972;-96.670833
"MHM";63.886111;-152.301944
"MHR";38.553897;-121.297592
"MHT";42.932556;-71.435667
"MHV";35.059364;-118.151856
"MHZ";52.361933;0.486406
"MI2";"null";
"MI4";"null";
"MIA";25.79325;-80.290556
"MIB";48.415572;-101.357661
"MID";20.936981;-89.657672
"MIE";40.2424722;-85.39575
"MIL";"null";
"MIV";39.367806;-75.072222
"MKC";39.1275;-94.598889
"MKE";42.947222;-87.896583
"MKG";43.1695;-86.2382
"MKK";21.152886;-157.096256
"MKL";35.599889;-88.915611
"MLA";35.857497;14.4775
"MLB";28.102753;-80.645258
"MLH";47.589583;7.529914
"MLI";41.448528;-90.507539
"MLL";61.8646418;-162.026111
"MLM";19.849944;-101.0255
"MLS";46.428;-105.886
"MLU";32.510864;-92.037689
"MLY";64.9975;-150.644167
"MMH";37.624049;-118.837772
"MMJ";36.166758;137.922669
"MMU";40.79935;-74.4148747
"MNL";14.508647;121.019581
"MNM";45.12665;-87.638443
"MNT";65.143611;-149.37
"MNZ";"null";
"MO2";"null";
"MOB";30.691231;-88.242814
"MOD";37.625817;-120.954422
"MOR";"null";
"MOS";47.777;10.623
"MOT";48.259378;-101.280333
"MOU";62.0954;-163.682
"MOW";"null";
"MPL";43.576194;3.963014
"MPV";44.203503;-72.562328
"MQJ";"null";
"MQT";46.353611;-87.395278
"MQY";"null";
"MRB";39.2407;-77.591
"MRC";"null";
"MRI";61.213544;-149.844447
"MRK";"null";
"MRN";"null";
"MRS";43.435555;5.213611
"MRY";36.587;-121.842944
"MS2";"null";
"MSC";"null";
"MSE";51.342222;1.346111
"MSL";34.7453;-87.6102
"MSN";43.139858;-89.337514
"MSO";46.916306;-114.090556
"MSP";44.881956;-93.221767
"MSS";44.935833;-74.845547
"MST";50.911658;5.770144
"MSV";"null";
"MSY";29.993389;-90.258028
"MTC";42.608333;-82.8355
"MTH";24.726111;-81.051389
"MTJ";38.509794;-107.894242
"MTM";55.131111;-131.578056
"MTN";"null";
"MTO";"null";
"MTP";"null";
"MTW";"null";
"MTY";25.778489;-100.106878
"MUC";48.353783;11.786086
"MUE";20.001328;-155.668108
"MUL";"null";
"MUO";43.043603;-115.872431
"MVD";-34.838417;-56.030806
"MVL";"null";
"MVM";"null";
"MVW";"null";
"MVY";41.391667;-70.615278
"MWA";37.7549569;-89.0110936
"MWH";47.207708;-119.32019
"MXE";"null";
"MXL";32.630634;-115.241637
"MXP";45.630606;8.728111
"MXY";61.4370608;-142.90307372
"MYC";10.249978;-67.649419
"MYF";"null";
"MYH";"null";
"MYJ";33.827222;132.699722
"MYK";"null";
"MYR";33.67975;-78.928333
"MYU";60.3714;-166.271
"MZJ";"null";
"MZR";36.706914;67.209678
"MZT";23.161356;-106.266072
"NAN";-17.755392;177.443378
"NAP";40.886033;14.290781
"NAS";25.038958;-77.466231
"NAT";-5.911417;-35.247717
"NBW";55.34;52.06
"NCE";43.658411;7.215872
"NCL";55.0375;-1.691667
"NCN";60.077222;-147.991944
"NEV";17.205678;-62.589869
"NGF";21.450453;-157.768
"NGO";34.858414;136.805408
"NGU";36.937644;-76.289289
"NHK";38.285981;-76.411781
"NHT";51.553;-0.418167
"NIB";63.010833;-154.383889
"NIP";30.235834;-81.680556
"NJK";32.829222;-115.671667
"NKG";31.742042;118.862025
"NKI";"null";
"NKT";34.900872;-76.880733
"NKX";32.867694;-117.14175
"NLG";56.0075;-161.160278
"NME";"null";
"NNK";"null";
"NNL";59.966944;-154.851667
"NPA";30.352656;-87.318647
"NPT";"null";
"NQA";35.356667;-89.870278
"NQX";24.575834;-81.688889
"NQY";50.440558;-4.995408
"NRB";"null";
"NRT";35.764722;140.386389
"NSY";37.401664;14.922358
"NTD";34.120285;-119.12094
"NTE";47.153189;-1.610725
"NUE";49.4987;11.066897
"NUI";70.21;-151.005556
"NUL";64.729444;-158.074167
"NUP";60.905833;-162.439167
"NUQ";37.416142;-122.049139
"NUW";48.351803;-122.655906
"NVT";-26.879999;-48.65139
"NWI";52.675833;1.282778
"NY1";"null";
"NY2";"null";
"NY3";"null";
"NY4";"null";
"NY5";"null";
"NYL";"null";
"NYO";58.788636;16.912189
"NZC";30.2187;-81.8767
"NZY";32.699219;-117.21531
"OAI";"null";
"OAJ";34.829164;-77.612139
"OAK";37.721278;-122.220722
"OAX";16.999906;-96.726639
"OBO";42.733333;143.217222
"OBU";66.912222;-156.897222
"OCF";"null";
"ODW";"null";
"OFF";41.118332;-95.912511
"OGD";"null";
"OGG";20.89865;-156.430458
"OGS";44.681854;-75.4655
"OH5";"null";
"OHC";"null";
"OKC";35.393089;-97.600733
"OKJ";34.756944;133.855278
"OKO";35.748492;139.348483
"OLB";40.898661;9.517628
"OLF";48.094444;-105.575
"OLH";57.218056;-153.269722
"OLM";46.9694044;-122.9025447
"OLS";31.417722;-110.84789
"OLU";"null";
"OMA";41.303167;-95.894069
"OME";64.512203;-165.445247
"OMK";"null";
"ONP";44.580361;-124.057917
"ONT";34.056;-117.601194
"OOK";"null";
"OPF";25.907;-80.278389
"OPH";"null";
"OPO";41.248055;-8.681389
"OQC";"null";
"OQI";"null";
"OQN";"null";
"OQP";"null";
"OR2";"null";
"ORB";59.223733;15.037956
"ORD";41.978603;-87.904842
"ORF";36.894611;-76.201222
"ORH";42.2673;-71.8757
"ORI";57.885278;-152.846111
"ORL";28.545464;-81.332936
"ORN";35.623858;-0.621183
"ORT";62.961334;-141.929136
"ORV";66.8175;-161.022222
"ORY";48.725278;2.359444
"OSC";44.451558;-83.394053
"OSH";44.024983;-88.551336
"OSL";60.193917;11.100361
"OSN";37.090617;127.029594
"OST";51.198889;2.862222
"OTH";43.4171;-124.246
"OTP";44.572161;26.102178
"OTS";48.498889;-122.6625
"OTZ";66.884678;-162.59855
"OUA";12.353194;-1.512417
"OWB";37.7401;-87.1668
"OWD";"null";
"OXC";"null";
"OXR";34.200833;-119.207222
"PAC";8.973339;-79.555583
"PAE";47.906342;-122.281564
"PAH";37.0602875;-88.7729583
"PAM";30.069567;-85.575417
"PAP";18.58005;-72.292542
"PAQ";61.594914;-149.088711
"PBC";19.158144;-98.371447
"PBG";44.650944;-73.468139
"PBI";26.683161;-80.095589
"PBK";"null";
"PBM";5.452831;-55.187783
"PCA";20.0772;-98.782814
"PCE";"null";
"PDB";59.782222;-154.1325
"PDK";33.8756111;-84.3019722
"PDL";37.741184;-25.69787
"PDT";45.695;-118.841389
"PDX";45.588722;-122.5975
"PEC";57.955278;-136.236389
"PEK";40.080111;116.584556
"PFN";30.212083;-85.682806
"PGA";36.9261;-111.4483
"PGD";26.919722;-81.990556
"PGM";"null";
"PGR";"null";
"PGS";"null";
"PGV";35.635278;-77.385278
"PHF";37.131894;-76.492989
"PHL";39.871944;-75.241139
"PHN";42.910957;-82.528862
"PHO";68.3488;-166.799
"PHX";33.434278;-112.011583
"PIA";40.664203;-89.693258
"PIB";31.4671;-89.3371
"PIE";27.910167;-82.687389
"PIH";42.9098;-112.596
"PIK";55.509444;-4.586667
"PIO";-13.744864;-76.220284
"PIP";57.585393;-157.571944
"PIR";44.3827;-100.286
"PIT";40.491467;-80.232872
"PIZ";69.732875;-163.005342
"PKA";"null";
"PKB";39.3451039;-81.4392031
"PKC";53.167889;158.453669
"PLN";45.5709;-84.7967
"PLS";21.773625;-72.265886
"PMI";39.55361;2.727778
"PML";56.006111;-160.560833
"PMO";38.175958;13.091019
"PMV";10.912926;-63.967581
"PNE";40.081944;-75.010586
"PNI";6.9851;158.208989
"PNS";30.473425;-87.186611
"POA";-29.994428;-51.171428
"POB";35.170883;-79.014472
"POM";-9.443383;147.22005
"POP";19.7579;-70.570033
"POS";10.595369;-61.337242
"POU";"null";
"POX";49.096647;2.040833
"PPC";66.4851;-150.3837
"PPG";-14.331;-170.7105
"PPT";-17.556667;-149.611389
"PPV";56.328889;-133.61
"PQI";46.688958;-68.044797
"PQS";61.934444;-162.899444
"PRB";"null";
"PRC";34.654472;-112.419583
"PRG";50.100833;14.26
"PRZ";"null";
"PSA";43.683917;10.39275
"PSB";"null";
"PSC";46.2647;-119.119
"PSE";18.008306;-66.563028
"PSF";"null";
"PSG";56.801667;-132.945278
"PSK";"null";
"PSM";43.0779;-70.8233
"PSP";33.829667;-116.506694
"PTA";"null";
"PTD";"null";
"PTH";56.9591;-158.633
"PTK";"null";
"PTP";16.265306;-61.531806
"PTU";59.011356;-161.819664
"PTV";"null";
"PTY";9.071364;-79.383453
"PUB";38.289085;-104.496572
"PUF";43.38;-0.418611
"PUG";-32.506944;137.716667
"PUJ";18.567367;-68.363431
"PUS";35.179528;128.938222
"PUW";46.743861;-117.109583
"PVC";42.071945;-70.22139
"PVD";41.732581;-71.420383
"PVG";31.143378;121.805214
"PVR";20.680083;-105.254167
"PVS";64.378139;-173.243306
"PVU";40.21805555;-111.72222222
"PVY";"null";
"PWA";"null";
"PWK";42.1142897;-87.9015376
"PWM";43.646161;-70.309281
"PWT";47.490244;-122.764814
"PYM";"null";
"QQB";"null";
"QQN";"null";
"QQY";"null";
"QRO";20.617289;-100.185658
"RAC";"null";
"RAI";"null";
"RAK";31.606886;-8.0363
"RAP";44.045278;-103.057222
"RAR";-21.202739;-159.805556
"RBA";34.051467;-6.751519
"RBB";-4.387778;-59.593889
"RBD";"null";
"RBG";"null";
"RBH";"null";
"RBY";64.7272;-155.47
"RCE";"null";
"RDB";"null";
"RDD";40.509;-122.293389
"RDG";40.3785;-75.9652
"RDM";44.254066;-121.149964
"RDU";35.877639;-78.787472
"RDV";61.788056;-157.350278
"REC";-8.126794;-34.923039
"RES";-27.449986;-59.056125
"RFD";42.1953611;-89.0972222
"RGA";-53.777667;-67.749389
"RHI";45.6312;-89.4675
"RIC";37.505167;-77.319667
"RIL";39.5263056;-107.7269444
"RIV";33.880711;-117.259453
"RIW";43.064167;-108.459722
"RIX";56.923611;23.971111
"RKD";44.0601111;-69.0992303
"RKS";41.5942;-109.065
"RLG";53.918167;12.278333
"RLU";"null";
"RME";43.2338;-75.407033
"RMG";"null";
"RMP";65.507778;-150.140833
"RMS";49.436911;7.600283
"RNO";39.499108;-119.768108
"RNT";"null";
"ROA";37.325472;-79.975417
"ROB";6.233789;-10.362311
"ROC";43.118866;-77.672389
"ROG";"null";
"ROP";14.174308;145.242536
"ROR";7.367303;134.544278
"ROS";-32.903611;-60.785
"ROW";33.301556;-104.530556
"RQI";"null";
"RQR";"null";
"RQZ";"null";
"RSD";24.8917;-76.177739
"RSH";61.775;-161.319444
"RSJ";"null";
"RSL";"null";
"RST";43.908283;-92.500014
"RSW";26.536167;-81.755167
"RTB";16.316814;-86.522961
"RUH";24.95764;46.698776
"RUT";43.5294;-72.9496
"RWI";35.8563;-77.8919
"RZE";50.109958;22.019
"S24";"null";
"S27";"null";
"SAA";41.4448594;-106.8235264
"SAC";38.512524;-121.49347
"SAF";35.617108;-106.089422
"SAL";13.440947;-89.055728
"SAN";32.733556;-117.189667
"SAP";15.452639;-87.923556
"SAT";29.533694;-98.469778
"SAV";32.127583;-81.202139
"SAW";40.898553;29.309219
"SBA";34.426211;-119.840372
"SBH";17.9023;-62.8324
"SBM";"null";
"SBN";41.708661;-86.31725
"SBO";32.609139;-82.369944
"SBP";35.2368;-120.642
"SBY";38.340525;-75.510289
"SC1";"null";
"SCC";70.19475;-148.465167
"SCE";40.849278;-77.848694
"SCF";"null";
"SCH";42.85245555;-73.928866666
"SCK";37.894167;-121.238306
"SCL";-33.392975;-70.785803
"SCM";61.845278;-165.571389
"SCQ";42.896333;-8.415144
"SCU";19.969769;-75.835414
"SD2";"null";
"SDF";38.1740858;-85.7364989
"SDJ";38.139722;140.916944
"SDM";32.5722722;-116.9801611
"SDP";55.315;-160.523
"SDQ";18.429664;-69.668925
"SDX";34.848628;-111.788472
"SDY";47.706944;-104.1925
"SEA";47.449;-122.309306
"SEN";51.571389;0.695556
"SFB";28.777639;-81.237489
"SFJ";67.016969;-50.689325
"SFO";37.618972;-122.374889
"SGF";37.245667;-93.388639
"SGH";39.8402778;-83.8401667
"SGR";29.62225;-95.6565278
"SGU";37.090583;-113.593056
"SGY";59.4601;-135.316
"SHA";31.197875;121.336319
"SHD";38.263889;-78.896389
"SHG";66.888056;-157.1625
"SHH";66.2496;-166.089
"SHJ";25.328575;55.51715
"SHR";44.7692;-106.98
"SHV";32.446629;-93.8256
"SHX";62.692222;-159.569167
"SID";16.741389;-22.949444
"SIG";18.456828;-66.098139
"SIN";1.350189;103.994433
"SIT";57.047138;-135.361611
"SJC";37.3626;-121.929022
"SJD";23.15185;-109.721044
"SJJ";43.824583;18.331467
"SJK";-23.228172;-45.862739
"SJO";9.993861;-84.208806
"SJT";31.35775;-100.496306
"SJU";18.439417;-66.001833
"SKB";17.311194;-62.718667
"SKF";29.384228;-98.581108
"SKJ";"null";
"SKK";64.371111;-161.223889
"SKW";"null";
"SKY";41.433361;-82.652333
"SLA";-24.855978;-65.486169
"SLC";40.788389;-111.977772
"SLE";44.9095;-123.003
"SLJ";"null";
"SLK";44.3853;-74.2062
"SLN";38.791;-97.6522
"SLP";22.254303;-100.930806
"SLQ";61.700566;-157.165833
"SLU";14.020228;-60.992936
"SLW";25.549497;-100.928669
"SMA";36.97139;-25.170639
"SMF";38.695417;-121.590778
"SMK";63.49;-162.110278
"SMO";34.0158333;-118.4513056
"SMX";34.8989;-120.457
"SNA";33.675667;-117.868222
"SNK";"null";
"SNN";52.701978;-8.924817
"SNP";57.167333;-170.220444
"SNS";"null";
"SNU";22.492192;-79.943611
"SNY";"null";
"SOF";42.695194;23.406167
"SOP";"null";
"SOV";"null";
"SOW";34.265556;-110.005556
"SPB";45.771028;-122.861833
"SPI";39.8441;-89.677889
"SPM";49.972667;6.6925
"SPN";15.119003;145.729356
"SPS";33.988797;-98.491894
"SPW";43.165527;-95.202805
"SPZ";"null";
"SQA";"null";
"SQV";"null";
"SRQ";27.395444;-82.554389
"SRV";61.7875;-156.591111
"SSA";-12.910994;-38.331044
"SSB";17.747222;-64.705
"SSC";33.972719;-80.470564
"SSG";3.755267;8.708717
"SSI";"null";
"SSW";"null";
"STC";45.546556;-94.059889
"STE";"null";
"STG";56.577222;-169.663611
"STI";19.406092;-70.604689
"STJ";39.771944;-94.909706
"STL";38.748697;-90.370028
"STN";51.885;0.235
"STP";51.53;-0.125
"STR";48.689878;9.221964
"STS";38.508978;-122.81288
"STT";18.337306;-64.973361
"STX";17.701889;-64.798556
"SUN";43.504444;-114.296194
"SUS";38.662119;-90.652044
"SUU";38.262692;-121.927464
"SUX";42.402603;-96.384367
"SVA";63.6864;-170.493
"SVC";32.6365;-108.156
"SVD";13.144306;-61.210861
"SVG";58.876778;5.637856
"SVH";"null";
"SVN";32.01;-81.145683
"SVO";55.972642;37.414589
"SVQ";37.418;-5.893106
"SVS";"null";
"SVW";61.097369;-155.574228
"SWB";"null";
"SWD";60.1269383;-149.4188122
"SWF";41.504094;-74.104839
"SWO";"null";
"SXF";52.380001;13.5225
"SXM";18.040953;-63.1089
"SXP";62.520556;-164.847778
"SXQ";60.4749583;-151.0382389
"SYA";52.712275;174.11362
"SYB";58.166667;-152.5
"SYD";-33.946111;151.177222
"SYR";43.111187;-76.106311
"SZG";47.793304;13.004333
"SZL";38.730306;-93.547864
"SZT";"null";
"SZW";53.426997;11.783436
"SZX";22.639258;113.810664
"TAB";11.149658;-60.832194
"TAE";35.894108;128.658856
"TAK";34.214167;134.015556
"TAL";65.179556;-152.075833
"TAM";22.29645;-97.865931
"TAO";36.266108;120.374436
"TAR";40.517514;17.403212
"TBI";"null";
"TBN";37.741631;-92.140736
"TBR";"null";
"TBS";41.669167;44.954722
"TCB";26.745336;-77.391269
"TCL";33.220627;-87.611403
"TCM";47.137678;-122.476475
"TCT";62.971944;-156.082778
"TDF";"null";
"TDZ";"null";
"TEB";40.850103;-74.060837
"TEK";60.8725;-146.691111
"TER";38.761842;-27.090797
"TEX";37.953759;-107.90848
"TFN";28.482653;-16.341536
"TFS";28.044475;-16.572489
"TGU";14.060883;-87.217197
"TGZ";16.561822;-93.026081
"THU";76.531203;-68.703161
"TIJ";32.541064;-116.970158
"TIK";35.414739;-97.386633
"TIQ";14.999203;145.61935
"TIW";"null";
"TIX";"null";
"TKA";62.3205;-150.093694
"TKE";57.779722;-135.218333
"TKF";"null";
"TKJ";"null";
"TKK";7.461869;151.843006
"TKU";60.514142;22.262808
"TLA";65.240278;-166.339444
"TLC";19.337072;-99.566008
"TLF";"null";
"TLH";30.396528;-84.350333
"TLJ";62.894369;-155.976525
"TLL";59.413317;24.832844
"TLN";43.0973;6.14603
"TLS";43.629075;1.363819
"TLT";61.096944;-160.969444
"TLV";32.011389;34.886667
"TMB";25.647889;-80.432777
"TMP";61.414147;23.604392
"TN2";"null";
"TN7";"null";
"TNC";65.563056;-167.921667
"TNK";"null";
"TNN";22.950361;120.205778
"TOG";59.0528;-160.397
"TOJ";40.496747;-3.445872
"TOL";41.586806;-83.807833
"TOY";36.648333;137.1875
"TPA";27.975472;-82.53325
"TPE";25.077731;121.232822
"TRC";25.568278;-103.410583
"TRD";63.457556;10.92425
"TRI";36.4752222;-82.4074167
"TRM";33.626666;-116.1596667
"TRN";45.200761;7.649631
"TSF";45.6484;12.194422
"TSG";"null";
"TSN";39.124353;117.346183
"TSP";"null";
"TTN";40.276692;-74.813469
"TUC";-26.840861;-65.104944
"TUL";36.198389;-95.888111
"TUP";34.2681;-88.7699
"TUS";32.116083;-110.941028
"TVC";44.741445;-85.582235
"TVF";48.065556;-96.185
"TVL";38.893889;-119.995278
"TWA";59.074444;-160.275
"TWD";48.0314;-122.4838
"TWF";42.481803;-114.487733
"TX3";"null";
"TX7";"null";
"TX8";"null";
"TXK";33.453722;-93.991028
"TXL";52.559686;13.287711
"TYE";61.076667;-151.138056
"TYR";32.354139;-95.402386
"TYS";35.810972;-83.994028
"U36";"null";
"UAB";37.00028;35.41833
"UAM";13.583953;144.930025
"UBF";"null";
"UDD";33.7484375;-116.2748133
"UES";43.0410278;-88.2370556
"UGB";"null";
"UGI";"null";
"UGN";42.422161;-87.867908
"UIN";39.9427;-91.1946
"UIO";-0.141144;-78.488214
"UKI";"null";
"ULY";54.401;48.8027
"UMT";"null";
"UNK";63.888333;-160.798889
"UOS";"null";
"UST";29.959167;-81.339722
"UT1";"null";
"UTM";34.681;-90.3467
"UTO";65.992794;-153.704289
"UUD";51.807764;107.437644
"UUK";70.330833;-149.5975
"UUS";46.888672;142.717531
"UVA";29.215429;-99.748962
"UVF";13.733194;-60.952597
"UXM";"null";
"UXO";"null";
"UXP";"null";
"UXR";"null";
"VAD";30.967833;-83.193
"VAK";61.5338;-165.584
"VBG";34.737333;-120.584306
"VCE";45.505278;12.351944
"VCP";-23.0074;-47.1345
"VCT";28.8526;-96.9185
"VCV";34.597453;-117.382997
"VDZ";61.133949;-146.248342
"VEE";67.008611;-146.366389
"VEL";40.440833;-109.51
"VER";19.145931;-96.187267
"VGC";"null";
"VGT";36.2106944;-115.1944444
"VIE";48.110278;16.569722
"VIK";"null";
"VIS";36.318611;-119.392778
"VIT";42.882836;-2.724469
"VIX";-20.258056;-40.286389
"VKO";55.591531;37.261486
"VLC";39.489314;-0.481625
"VLD";30.7825;-83.2767
"VLN";10.149733;-67.9284
"VNY";34.209811;-118.489972
"VOK";43.938956;-90.253433
"VPS";30.48325;-86.5254
"VQS";18.1158;-65.4227
"VRA";23.034445;-81.435278
"VRB";27.655556;-80.417944
"VSA";17.997;-92.817361
"VVI";-17.644756;-63.135364
"VWE";"null";
"VWH";"null";
"VWK";"null";
"VWN";"null";
"VYS";"null";
"VZA";"null";
"VZM";"null";
"VZN";"null";
"VZR";"null";
"VZY";"null";
"WA4";"null";
"WAA";65.6225;-168.095
"WAW";52.16575;20.967122
"WBB";63.515833;-162.278056
"WBQ";66.362222;-147.406667
"WCR";"null";
"WDG";"null";
"WFB";55.344444;-131.663333
"WGO";"null";
"WHD";55.903333;-130.006667
"WJF";"null";
"WKK";59.2826;-158.618
"WLK";66.6;-159.985833
"WMC";"null";
"WMK";"null";
"WMO";64.689167;-163.412778
"WNA";"null";
"WQZ";"null";
"WRB";32.640144;-83.59185
"WRG";56.4843;-132.37
"WRI";40.015556;-74.591667
"WRL";43.9657;-107.951
"WSN";58.702222;-157.0025
"WST";53.351333;-6.4875
"WSX";"null";
"WTK";67.5661;-162.975
"WTL";60.335278;-162.666944
"WVI";"null";
"WVL";"null";
"WWA";"null";
"WWP";56.116389;-133.121667
"WWT";"null";
"WYB";"null";
"WYS";44.688333;-111.1175
"XCM";"null";
"XCR";"null";
"XMR";"null";
"XNA";36.2818694;-94.3068111
"XWA";"null";
"XWF";"null";
"XWH";"null";
"XXP";"null";
"XXT";"null";
"XXU";"null";
"XXV";"null";
"XXX";"null";
"XXY";"null";
"YAK";59.3012;-139.3937
"YAP";9.498911;138.082497
"YAZ";49.082222;-125.7725
"YBL";49.950832;-125.270833
"YCD";49.052333;-123.870167
"YCF";"null";
"YCH";47.007778;-65.449167
"YCL";47.990833;-66.330278
"YDA";64.043056;-139.127778
"YDS";"null";
"YEG";53.309723;-113.579722
"YEV";68.304167;-133.482778
"YFB";63.75639;-68.555832
"YFC";45.868889;-66.537222
"YGE";51.2992;-116.982
"YGN";"null";
"YHH";"null";
"YHM";43.173611;-79.935
"YHS";49.460556;-123.718611
"YHU";45.5175;-73.416944
"YHZ";44.880833;-63.50861
"YIG";"null";
"YIP";42.237928;-83.530408
"YJT";48.544167;-58.549999
"YKF";43.460833;-80.378611
"YKM";46.5682;-120.544
"YKZ";43.862221;-79.37
"YLW";49.956112;-119.377778
"YMA";63.616389;-135.868333
"YMM";56.653333;-111.221944
"YMP";"null";
"YMX";45.681944;-74.005278
"YNG";41.260736;-80.679097
"YNK";"null";
"YNT";37.401667;121.371667
"YOC";67.570556;-139.839167
"YOW";45.3225;-75.669167
"YPQ";44.23;-78.363333
"YPW";49.8342;-124.5
"YQA";44.974722;-79.303333
"YQB";46.791111;-71.393333
"YQG";42.275556;-82.955556
"YQL";49.630278;-112.799722
"YQM";46.112221;-64.678611
"YQR";50.431944;-104.665833
"YQT";48.371944;-89.323889
"YQU";55.179722;-118.885
"YQX";48.936944;-54.568056
"YQY";46.161388;-60.047779
"YSC";45.438611;-71.691389
"YSJ";45.316111;-65.890278
"YSN";"null";
"YTG";"null";
"YTM";46.409444;-74.78
"YTP";"null";
"YTZ";43.627499;-79.396167
"YUB";69.433334;-133.026389
"YUL";45.470556;-73.740833
"YUM";32.656578;-114.60598
"YVR";49.193889;-123.184444
"YWG";49.910036;-97.239886
"YWH";48.422778;-123.3875
"YXC";49.612222;-115.781944
"YXE";52.170834;-106.699722
"YXS";53.889444;-122.678889
"YXU";43.033056;-81.151111
"YXX";49.025278;-122.360556
"YXY";60.709553;-135.067269
"YYC";51.113888;-114.020278
"YYF";49.463056;-119.602222
"YYG";46.290001;-63.121111
"YYJ";48.646944;-123.425833
"YYR";53.319168;-60.425833
"YYT";47.61861;-52.751945
"YYZ";43.677223;-79.630556
"YZF";62.462778;-114.440278
"YZT";50.680556;-127.366667
"ZAZ";41.666242;-1.041553
"ZCL";22.897112;-102.68689
"ZEL";52.139722;-128.063611
"ZIH";17.601569;-101.460536
"ZLO";19.144778;-104.558631
"ZNA";49.183333;-123.95
"ZNC";"null";
"ZRH";47.464722;8.549167
"ZSA";24.063275;-74.523967
"ZTS";"null";
"ZXA";"null";
"ZXB";70.961111;-8.575833
"ZXC";"null";
"ZXD";"null";
"ZXH";"null";
"ZXM";"null";
"ZXN";"null";
"ZXT";"null";
"ZXU";"null";
